Domain,Status,Attractiveness,Demand,Length,Sectors,Created,Expires,Registrar
second.onl,available,120,23%,6,"General,Mathematics",,,
flat.onl,available,116,24%,4,"Construction,Real Estate",,,
tenth.onl,available,116,7%,5,Mathematics,,,
eight.onl,available,102,23%,5,"General,Mathematics",,,
eighth.onl,available,100,6%,6,Mathematics,,,
sixth.onl,available,100,8%,5,Mathematics,,,
ninth.onl,available,100,9%,5,Mathematics,,,
third.onl,available,100,16%,5,Mathematics,,,
crack.onl,available,100,20%,5,Sports,,,
twentieth.onl,available,92,3%,9,Mathematics,,,
nought.onl,available,92,4%,6,Mathematics,,,
leash.onl,available,90,7%,5,"General,Health and Fitness,Retail",,,
three.onl,available,88,24%,5,Mathematics,,,
eleven.onl,available,88,33%,6,Mathematics,,,
hundred.onl,available,88,14%,7,Mathematics,,,
twelve.onl,available,88,18%,6,"General,Mathematics",,,
fifteen.onl,available,88,13%,7,Mathematics,,,
sixteen.onl,available,88,11%,7,Mathematics,,,
xix.onl,available,86,11%,3,Mathematics,,,
twentyone.onl,available,84,13%,10,Mathematics,,,
thousand.onl,available,84,8%,8,Mathematics,,,
thirteen.onl,available,84,10%,8,Mathematics,,,
fourteen.onl,available,84,8%,8,Mathematics,,,
nineteen.onl,available,84,8%,8,Mathematics,,,
seventeen.onl,available,84,7%,9,Mathematics,,,
twentytwo.onl,available,84,11%,10,Mathematics,,,
decade.onl,available,82,10%,6,Mathematics,,,
dozen.onl,available,82,10%,5,Mathematics,,,
fivesome.onl,available,82,1%,8,Sports,,,
two.onl,available,80,24%,3,Mathematics,,,
nine.onl,available,80,24%,4,"General,Mathematics",,,
forty.onl,available,80,9%,5,Mathematics,,,
twenty.onl,available,80,12%,6,Mathematics,,,
seventh.onl,available,80,10%,7,Mathematics,,,
first.onl,resell,80,36%,5,"General,Mathematics",24/02/2025 20:24,24/02/2026 20:24,Dynadot Inc
sixtynine.onl,available,78,8%,10,Mathematics,,,
twentysix.onl,available,78,8%,10,Mathematics,,,
thirteenth.onl,available,76,4%,10,Mathematics,,,
nineteenth.onl,available,76,3%,10,Mathematics,,,
fourteenth.onl,available,76,1%,10,Mathematics,,,
hundredth.onl,available,76,1%,9,Mathematics,,,
fifteenth.onl,available,76,2%,9,Mathematics,,,
firstrate.onl,available,76,6%,10,Business,,,
eighteen.onl,available,76,7%,8,Mathematics,,,
thousandth.onl,available,76,1%,10,Mathematics,,,
threed.onl,available,76,7%,7,Technology,,,
single.onl,available,74,19%,6,Sports,,,
sixtieth.onl,available,72,1%,8,Mathematics,,,
ninetieth.onl,available,72,1%,9,Mathematics,,,
seventieth.onl,available,72,1%,10,Mathematics,,,
trey.onl,available,72,14%,4,Sports,,,
eightieth.onl,available,72,1%,9,Mathematics,,,
ternary.onl,available,72,7%,7,Mathematics,,,
trinity.onl,resell,72,18%,7,Religion,28/07/2025 08:02,28/07/2026 08:02,Dynadot Inc
tiptop.onl,available,70,24%,6,Fashion,,,
fiftieth.onl,available,68,0%,8,Mathematics,,,
sevener.onl,available,68,1%,7,Mathematics,,,
thirtieth.onl,available,68,1%,9,Mathematics,,,
ennead.onl,available,68,5%,6,Mathematics,,,
fortieth.onl,available,68,0%,8,Mathematics,,,
septenary.onl,available,68,1%,9,Mathematics,,,
foursome.onl,available,68,4%,8,Sports,,,
ane.onl,available,68,12%,3,Mathematics,,,
threesome.onl,available,68,5%,9,Entertainment,,,
octonary.onl,available,68,1%,8,Mathematics,,,
four.onl,available,66,27%,4,Mathematics,,,
eighty.onl,available,66,6%,6,Mathematics,,,
xii.onl,available,66,10%,3,Mathematics,,,
xiii.onl,available,66,9%,4,Mathematics,,,
xvii.onl,available,66,5%,4,Mathematics,,,
tenner.onl,available,66,5%,6,Finance,,,
ninety.onl,available,66,11%,6,Mathematics,,,
acappella.onl,available,66,6%,10,Entertainment,,,
deuce.onl,available,66,9%,5,Sports,,,
xxvi.onl,available,66,3%,4,Mathematics,,,
xxv.onl,available,66,6%,3,Mathematics,,,
six.onl,available,66,26%,3,Mathematics,,,
onec.onl,available,66,6%,5,Mathematics,,,
century.onl,resell,66,17%,7,Education,19/04/2025 19:53,19/04/2026 19:53,Dynadot Inc
xvi.onl,available,66,5%,3,Mathematics,,,
xxii.onl,available,66,6%,4,Mathematics,,,
five.onl,available,66,26%,4,Mathematics,,,
sextet.onl,available,66,1%,6,Entertainment,,,
xviii.onl,available,66,5%,5,Mathematics,,,
fifty.onl,available,66,12%,5,Mathematics,,,
thirty.onl,available,66,8%,6,Mathematics,,,
quartet.onl,available,62,7%,7,"Arts,Entertainment",,,
longdozen.onl,available,62,2%,10,Mathematics,,,
fortyfour.onl,available,62,6%,10,Mathematics,,,
eleventh.onl,available,62,5%,8,Mathematics,,,
chiliad.onl,available,62,2%,7,Mathematics,,,
troika.onl,available,62,8%,6,Politics,,,
sixteenth.onl,available,62,1%,9,Mathematics,,,
twodozen.onl,available,62,1%,9,Mathematics,,,
eighteenth.onl,available,62,1%,10,Mathematics,,,
cxl.onl,available,60,7%,3,Mathematics,,,
xcl.onl,available,60,5%,3,Mathematics,,,
cxx.onl,available,60,10%,3,Mathematics,,,
cxv.onl,available,60,4%,3,Mathematics,,,
eightysix.onl,available,60,7%,10,Mathematics,,,
cxxxv.onl,available,60,2%,5,Mathematics,,,
clxxv.onl,available,60,1%,5,Mathematics,,,
tertiary.onl,available,60,4%,8,Education,,,
thou.onl,available,60,7%,4,Mathematics,,,
clx.onl,available,60,10%,3,Mathematics,,,
clxv.onl,available,60,1%,4,Mathematics,,,
cxxx.onl,available,60,4%,4,Mathematics,,,
sixty.onl,available,60,13%,5,Mathematics,,,
cxlv.onl,available,60,2%,4,Mathematics,,,
cxxv.onl,available,60,1%,4,Mathematics,,,
clxx.onl,available,60,3%,4,Mathematics,,,
clxxx.onl,available,60,1%,5,Mathematics,,,
eighter.onl,available,58,2%,7,Mathematics,,,
fourscore.onl,available,58,4%,9,Mathematics,,,
niner.onl,available,58,5%,5,Mathematics,,,
lxxx.onl,available,58,2%,4,Mathematics,,,
sixtyone.onl,available,58,3%,9,Mathematics,,,
cypher.onl,available,58,29%,6,Mathematics,,,
sixer.onl,available,58,5%,5,Sports,,,
heptad.onl,available,58,1%,6,Mathematics,,,
sextuplet.onl,available,58,1%,9,Healthcare,,,
pentad.onl,available,58,2%,6,Mathematics,,,
twelfth.onl,available,58,2%,7,Mathematics,,,
seventy.onl,available,58,7%,7,Mathematics,,,
centesimal.onl,available,58,1%,10,Mathematics,,,
octad.onl,available,58,5%,5,Mathematics,,,
hexad.onl,available,58,4%,5,Mathematics,,,
fourth.onl,available,58,13%,6,Mathematics,,,
alacarte.onl,available,58,11%,10,Food and Beverage,,,
tetrad.onl,available,58,5%,6,Mathematics,,,
fifth.onl,available,58,12%,5,Mathematics,,,
super.onl,resell,58,47%,5,Business,26/02/2025 00:44,26/02/2026 00:44,Dynadot Inc
xxxviii.onl,available,56,1%,7,Mathematics,,,
fortysix.onl,available,56,3%,9,Mathematics,,,
fiftyone.onl,available,56,7%,9,Mathematics,,,
lviii.onl,available,56,1%,5,Mathematics,,,
fortyone.onl,available,56,4%,9,Mathematics,,,
thirtyone.onl,available,56,5%,10,Mathematics,,,
xxxvi.onl,available,56,1%,5,Mathematics,,,
xlvi.onl,available,56,3%,4,Mathematics,,,
xxvii.onl,available,56,3%,5,Mathematics,,,
thirtysix.onl,available,56,5%,10,Mathematics,,,
xli.onl,available,56,5%,3,Mathematics,,,
xxiii.onl,available,56,5%,5,Mathematics,,,
fiftynine.onl,available,56,4%,10,Mathematics,,,
thirtytwo.onl,available,56,5%,10,Mathematics,,,
xliii.onl,available,56,1%,5,Mathematics,,,
xxiv.onl,available,56,5%,4,Mathematics,,,
xliv.onl,available,56,2%,4,Mathematics,,,
xlvii.onl,available,56,2%,5,Mathematics,,,
lvii.onl,available,56,1%,4,Mathematics,,,
xxxiv.onl,available,56,1%,5,Mathematics,,,
lvi.onl,available,56,8%,3,Mathematics,,,
xxxii.onl,available,56,1%,5,Mathematics,,,
fiftysix.onl,available,56,4%,9,Mathematics,,,
fiftyfive.onl,available,56,7%,10,Mathematics,,,
fiftytwo.onl,available,56,6%,9,Mathematics,,,
aone.onl,available,56,15%,5,Food and Beverage,,,
xxxv.onl,available,56,4%,4,Mathematics,,,
fortytwo.onl,available,56,17%,9,Mathematics,,,
halfdozen.onl,available,56,1%,10,Mathematics,,,
lii.onl,available,56,7%,3,Mathematics,,,
liii.onl,available,56,4%,4,Mathematics,,,
ilx.onl,available,56,5%,3,Mathematics,,,
fortynine.onl,available,56,3%,10,Mathematics,,,
xxxiii.onl,available,56,2%,6,Mathematics,,,
xxviii.onl,available,56,1%,6,Mathematics,,,
fiftyfour.onl,available,56,3%,10,Mathematics,,,
xlii.onl,available,56,5%,4,Mathematics,,,
xlviii.onl,available,56,1%,6,Mathematics,,,
xxix.onl,available,56,4%,4,Mathematics,,,
xlv.onl,available,56,6%,3,Mathematics,,,
xxxvii.onl,available,56,2%,6,Mathematics,,,
twoscore.onl,available,54,2%,8,Mathematics,,,
deuceace.onl,available,54,2%,9,Sports,,,
quaternion.onl,available,54,6%,10,Mathematics,,,
viii.onl,available,54,6%,4,Mathematics,,,
quaternity.onl,available,54,4%,10,Mathematics,,,
fortyfive.onl,available,54,4%,10,Mathematics,,,
quatern.onl,available,54,2%,7,Mathematics,,,
topnotch.onl,available,54,18%,8,Business,,,
threescore.onl,available,54,1%,10,Mathematics,,,
ninetyone.onl,available,52,5%,10,Mathematics,,,
xcvii.onl,available,52,1%,5,Mathematics,,,
lxxi.onl,available,52,1%,4,Mathematics,,,
lxxiv.onl,available,52,1%,5,Mathematics,,,
xci.onl,available,52,4%,3,Mathematics,,,
lxxii.onl,available,52,1%,5,Mathematics,,,
lxxxv.onl,available,52,1%,5,Mathematics,,,
sixtyfive.onl,available,52,3%,10,Mathematics,,,
ninetytwo.onl,available,52,4%,10,Mathematics,,,
lxiii.onl,available,52,2%,5,Mathematics,,,
lxxxii.onl,available,52,1%,6,Mathematics,,,
lxvii.onl,available,52,1%,5,Mathematics,,,
lxxxvii.onl,available,52,1%,7,Mathematics,,,
sixtyfour.onl,available,52,3%,10,Mathematics,,,
eightytwo.onl,available,52,4%,10,Mathematics,,,
lxxiii.onl,available,52,1%,6,Mathematics,,,
lxi.onl,available,52,5%,3,Mathematics,,,
lxviii.onl,available,52,1%,6,Mathematics,,,
eightyone.onl,available,52,3%,10,Mathematics,,,
ixc.onl,available,52,5%,3,Mathematics,,,
lxiv.onl,available,52,3%,4,Mathematics,,,
lxxxiii.onl,available,52,1%,7,Mathematics,,,
xciii.onl,available,52,1%,5,Mathematics,,,
lxxvii.onl,available,52,2%,6,Mathematics,,,
ninetysix.onl,available,52,4%,10,Mathematics,,,
xcii.onl,available,52,2%,4,Mathematics,,,
sixtysix.onl,available,52,4%,9,Mathematics,,,
lxxv.onl,available,52,1%,4,Mathematics,,,
xciv.onl,available,52,2%,4,Mathematics,,,
lxxxiv.onl,available,52,1%,6,Mathematics,,,
xcviii.onl,available,52,1%,6,Mathematics,,,
xcvi.onl,available,52,2%,4,Mathematics,,,
lxxvi.onl,available,52,1%,5,Mathematics,,,
lxv.onl,available,52,5%,3,Mathematics,,,
sixtytwo.onl,available,52,3%,9,Mathematics,,,
ixl.onl,available,52,9%,3,Mathematics,,,
lxii.onl,available,52,1%,4,Mathematics,,,
lxxxi.onl,available,52,1%,5,Mathematics,,,
xcv.onl,available,52,7%,3,Mathematics,,,
lxxxvi.onl,available,52,1%,6,Mathematics,,,
lxvi.onl,available,52,3%,4,Mathematics,,,
ogdoad.onl,available,50,1%,6,Mathematics,,,
cinque.onl,available,50,7%,6,Mathematics,,,
lxx.onl,available,50,5%,3,Mathematics,,,
triplet.onl,available,50,8%,7,Science,,,
lxxxviii.onl,available,48,1%,8,Mathematics,,,
quaternary.onl,available,46,3%,10,Mathematics,,,